-- MySQL dump 10.13  Distrib 9.6.0, for macos14.8 (arm64)
--
-- Host: 127.0.0.1    Database: salonatech
-- ------------------------------------------------------
-- Server version	8.0.33

/*!40101 SET @OLD_CHARACTER_SET_CLIENT=@@CHARACTER_SET_CLIENT */;
/*!40101 SET @OLD_CHARACTER_SET_RESULTS=@@CHARACTER_SET_RESULTS */;
/*!40101 SET @OLD_COLLATION_CONNECTION=@@COLLATION_CONNECTION */;
/*!50503 SET NAMES utf8mb4 */;
/*!40103 SET @OLD_TIME_ZONE=@@TIME_ZONE */;
/*!40103 SET TIME_ZONE='+00:00' */;
/*!40014 SET @OLD_UNIQUE_CHECKS=@@UNIQUE_CHECKS, UNIQUE_CHECKS=0 */;
/*!40014 SET @OLD_FOREIGN_KEY_CHECKS=@@FOREIGN_KEY_CHECKS, FOREIGN_KEY_CHECKS=0 */;
/*!40101 SET @OLD_SQL_MODE=@@SQL_MODE, SQL_MODE='NO_AUTO_VALUE_ON_ZERO' */;
/*!40111 SET @OLD_SQL_NOTES=@@SQL_NOTES, SQL_NOTES=0 */;

--
-- Table structure for table `oc_category`
--

DROP TABLE IF EXISTS `oc_category`;
/*!40101 SET @saved_cs_client     = @@character_set_client */;
/*!50503 SET character_set_client = utf8mb4 */;
CREATE TABLE `oc_category` (
  `category_id` int NOT NULL AUTO_INCREMENT,
  `image` varchar(255) DEFAULT NULL,
  `parent_id` int NOT NULL DEFAULT '0',
  `top` tinyint(1) NOT NULL,
  `column` int NOT NULL,
  `sort_order` int NOT NULL DEFAULT '0',
  `status` tinyint(1) NOT NULL,
  `date_added` datetime NOT NULL,
  `date_modified` datetime NOT NULL,
  PRIMARY KEY (`category_id`,`parent_id`),
  KEY `parent_id` (`parent_id`),
  KEY `idx_category_parent_status_sort` (`parent_id`,`status`,`sort_order`,`category_id`)
) ENGINE=MyISAM AUTO_INCREMENT=339 DEFAULT CHARSET=utf8mb3;
/*!40101 SET character_set_client = @saved_cs_client */;

--
-- Dumping data for table `oc_category`
--

LOCK TABLES `oc_category` WRITE;
/*!40000 ALTER TABLE `oc_category` DISABLE KEYS */;
INSERT INTO `oc_category` VALUES (75,'catalog/1/_/1_79_3.jpg',0,1,0,0,0,'2010-06-15 07:44:20','2012-03-26 22:58:27'),(76,' ',0,1,0,0,0,'2010-06-15 07:45:43','2012-03-15 23:21:50'),(77,' ',0,1,0,0,0,'2010-06-15 07:45:59','2012-09-07 13:10:08'),(78,' ',0,1,0,0,0,'2010-06-15 07:48:12','2012-03-26 22:58:14'),(79,'catalog/2/0/20_4_27.jpg',0,1,0,0,1,'2010-07-02 08:10:47','2012-05-29 11:30:35'),(80,'api//7105serioux-hladnjak-za-laptop-srxncp007.jpg',79,1,0,0,1,'2010-06-15 07:52:20','2013-01-08 13:51:26'),(81,'catalog/0kategorije-slike/ChatGPT Image Feb 11, 2026, 08_42_47 PM.png',0,1,0,0,1,'2012-03-20 01:52:46','2026-02-11 20:43:20'),(82,' ',81,1,0,0,0,'2010-06-15 07:54:46','2010-09-27 14:29:30'),(83,' ',80,1,0,0,0,'2010-06-18 07:00:45','2010-09-27 14:28:23'),(84,'catalog/9/1/91_9.jpg',81,1,0,0,1,'2010-06-18 07:51:51','2012-09-14 12:37:59'),(85,' ',80,1,0,0,0,'2010-07-01 14:44:52','2012-04-21 22:32:52'),(86,' ',80,1,0,0,0,'2010-07-01 14:46:36','2012-04-21 22:33:06'),(87,' ',80,1,0,0,0,'2010-07-02 08:07:57','2012-12-01 09:38:24'),(88,' ',80,1,0,0,0,'2010-07-02 08:09:14','2012-03-20 01:46:24'),(89,' ',81,1,0,0,0,'2010-07-02 08:11:21','2010-09-27 13:38:39'),(90,' ',81,1,0,0,0,'2010-07-02 08:13:09','2010-09-27 14:29:52'),(91,' ',81,1,0,0,0,'2010-07-02 08:13:34','2010-09-27 14:30:04'),(92,'catalog/0kategorije-slike/ChatGPT Image Feb 11, 2026, 08_46_22 PM.png',0,1,0,0,1,'2010-07-02 08:14:14','2026-02-11 20:46:52'),(93,'catalog/0kategorije-slike/ChatGPT Image Feb 11, 2026, 08_37_58 PM.png',0,1,4,0,1,'2010-07-02 08:14:40','2026-02-11 20:38:16'),(94,'catalog/0kategorije-slike/ChatGPT Image Feb 11, 2026, 08_49_31 PM.png',0,1,4,0,1,'2010-07-02 08:15:07','2026-02-11 20:50:09'),(95,'catalog/0kategorije-slike/ChatGPT Image Feb 11, 2026, 08_52_11 PM.png',0,1,0,0,1,'2010-07-02 08:15:48','2026-02-11 20:52:42'),(96,' ',75,1,0,0,0,'2010-07-02 08:16:02','2012-03-21 11:14:46'),(97,' ',75,1,0,0,0,'2010-07-02 08:16:21','2012-03-21 11:15:06'),(98,' ',96,1,0,0,0,'2010-07-02 08:18:00','2010-07-02 08:18:00'),(99,' ',96,1,0,0,0,'2010-07-02 08:18:20','2010-07-02 08:18:20'),(100,' ',96,1,0,0,0,'2010-07-02 08:18:36','2010-07-02 08:18:36'),(101,' ',96,1,0,0,0,'2010-07-02 08:19:33','2010-07-02 08:19:33'),(102,' ',96,1,0,0,0,'2010-07-02 08:19:56','2010-07-02 08:19:56'),(103,' ',96,1,0,0,0,'2010-07-02 08:20:20','2010-07-02 08:20:20'),(104,' ',96,1,0,0,0,'2010-07-02 08:20:46','2010-07-02 08:20:46'),(105,' ',96,1,0,0,0,'2010-07-02 08:21:06','2010-07-02 08:21:06'),(106,' ',96,1,0,0,0,'2010-07-02 08:21:27','2010-07-02 08:21:27'),(107,' ',96,1,0,0,0,'2010-07-02 08:21:50','2010-07-02 08:21:50'),(108,' ',96,1,0,0,0,'2010-07-02 08:22:16','2010-07-02 08:22:16'),(109,' ',97,1,0,0,0,'2010-07-02 08:22:37','2010-07-02 08:22:37'),(110,' ',97,1,0,0,0,'2010-07-02 08:22:50','2010-07-02 08:22:50'),(111,' ',97,1,0,0,0,'2010-07-02 08:23:16','2010-07-02 08:23:16'),(112,' ',97,1,0,0,0,'2010-07-02 08:23:29','2010-07-02 08:23:29'),(113,' ',97,1,0,0,0,'2010-07-02 08:23:56','2010-07-02 08:23:56'),(114,'catalog/t/g/tgr30ng.jpg',93,1,0,0,1,'2010-07-02 08:25:35','2012-04-21 22:38:35'),(115,'catalog/6/_/6_30_74.jpg',93,1,0,0,1,'2010-07-02 08:25:50','2012-04-21 22:38:43'),(116,'catalog/VIVAX/mf_45e_1.jpg',93,1,0,0,1,'2010-07-02 08:26:08','2012-04-21 22:38:52'),(117,'catalog/CANDY/CIO_225NE.jpg',93,1,0,0,1,'2010-07-02 08:26:27','2012-04-21 22:39:04'),(118,'catalog/SAMSUNG/RS68A8840S9.jpg',93,1,0,0,1,'2010-07-02 08:27:10','2012-04-21 22:39:13'),(119,'catalog/a/r/arg-861-700x700watermark.jpg',93,1,0,0,1,'2010-07-02 08:27:31','2012-04-21 22:39:25'),(120,'catalog/c/c/ccvb15.jpg',93,1,0,0,1,'2010-07-02 08:27:47','2024-04-09 12:16:56'),(121,'catalog/w/h/whi.png',93,1,0,0,1,'2010-07-02 08:28:01','2012-04-21 22:39:43'),(122,'catalog/4/5/450_1.jpg',93,1,0,0,1,'2010-07-02 08:28:30','2012-04-21 22:39:51'),(123,'catalog/CANDY/MIC201EX_1.jpg',93,1,0,0,1,'2010-07-02 08:28:53','2012-04-21 22:40:09'),(124,' ',93,1,0,0,0,'2010-07-02 08:29:19','2012-04-21 22:40:20'),(125,'catalog/6/5/652_1_1.jpg',93,1,0,0,1,'2010-07-02 08:29:32','2012-04-21 22:40:30'),(126,'catalog/2/_/2_73_11.jpg',93,1,0,0,1,'2010-07-02 08:30:09','2012-04-21 22:40:38'),(127,'catalog/AEG/L7WBE68SI_AEG.jpg',93,1,0,0,1,'2010-07-02 08:30:39','2012-04-21 22:40:49'),(128,'catalog/3/3/33_4_26.jpg',93,1,0,0,1,'2010-07-02 08:30:57','2012-04-21 22:40:57'),(129,'catalog/6/2/62_2.png',93,1,0,0,1,'2010-07-02 08:31:24','2012-04-21 22:41:07'),(130,'catalog/WHIRLPOOL/TDLRB_65242BS_EUN.png',93,1,0,0,1,'2010-07-02 08:35:24','2012-04-21 22:41:17'),(131,'catalog/2/5/25_5.png',93,1,0,0,1,'2010-07-02 08:36:02','2012-04-21 22:41:42'),(132,'catalog/6/1/61.png',93,1,0,0,1,'2010-07-02 08:36:22','2012-04-21 22:41:52'),(133,'catalog/9/4/94_1.png',93,1,0,0,1,'2010-07-02 08:36:45','2012-04-21 22:42:04'),(134,'catalog/1/3/13_10_33.jpg',93,1,0,0,1,'2010-07-02 08:37:29','2012-04-21 22:41:29'),(135,'catalog/2/_/2_73_25.jpg',93,1,0,0,1,'2010-07-02 08:38:06','2012-04-21 22:42:17'),(136,'catalog/s/e/se-5013-bh0.jpg',93,1,0,0,1,'2010-07-02 08:38:53','2012-04-21 22:42:29'),(137,'catalog/products_2022/CCGM_9025PX.jpg',93,1,0,0,1,'2010-07-02 08:39:11','2012-04-21 22:42:41'),(138,'catalog/BOSCH/TIS30321RW.jpg',94,1,0,0,1,'2010-07-02 08:40:57','2012-04-21 22:43:00'),(139,'catalog/GORENJE/A4.jpg',94,1,0,0,1,'2010-07-02 08:41:44','2012-04-21 22:43:07'),(140,'catalog/GORENJE/A22.jpg',94,1,0,0,1,'2010-07-02 08:41:59','2012-04-21 22:43:15'),(141,'api//3123sencor-friteza-na-vruci-zrak-sfr-5320wh.jpg',94,1,0,0,1,'2010-07-02 08:42:55','2012-04-21 22:43:23'),(142,'api//494sencor-glacalo-na-paru-ssi-8441vt.jpg',94,1,0,0,1,'2010-07-02 08:43:39','2012-04-21 22:43:39'),(143,' ',94,1,0,0,0,'2010-07-02 08:44:27','2012-04-21 22:43:47'),(144,'catalog/GORENJE/K17PLBW.jpg',94,1,0,0,1,'2010-07-02 08:46:33','2012-04-21 22:43:56'),(145,'catalog/GORENJE/KT05LBW.jpg',94,1,0,0,1,'2010-07-02 08:46:57','2012-04-21 22:44:05'),(146,'catalog/BOSCH/MS8CM61X1.jpg',94,1,0,0,1,'2010-07-02 08:47:13','2012-04-21 22:44:12'),(147,'catalog/GORENJE/SMK150E.jpg',94,1,0,0,1,'2010-07-02 08:47:59','2012-04-21 22:44:21'),(148,' ',94,1,0,0,0,'2010-07-02 08:48:15','2012-04-21 22:44:30'),(149,'catalog/GORENJE/E1.jpg',94,1,0,0,1,'2010-07-02 08:48:39','2012-04-21 22:44:39'),(150,'catalog/1/_/1_79_3.jpg',94,1,0,0,1,'2010-07-02 08:48:58','2012-04-21 22:44:48'),(151,'catalog/1/3/13_3.png',94,1,0,0,1,'2010-07-02 08:49:14','2012-04-21 22:44:58'),(152,'catalog/GORENJE/A23.jpg',94,1,0,0,1,'2010-07-02 08:49:32','2012-04-21 22:45:22'),(153,'catalog/GORENJE/T900LBW.jpg',94,1,0,0,1,'2010-07-02 08:52:01','2012-04-21 23:13:08'),(154,'catalog/1/_/1_108_13.jpg',94,1,0,0,1,'2010-07-02 08:52:25','2023-03-03 13:36:59'),(155,' ',95,1,0,0,0,'2010-07-02 08:53:35','2012-04-21 23:14:25'),(156,' ',95,1,0,0,0,'2010-07-02 08:53:55','2010-07-02 08:53:55'),(157,' ',95,1,0,0,0,'2010-07-02 08:54:10','2010-07-02 08:54:10'),(158,'api//604sencor-pegla-za-kosu-shi-131gd.jpg',95,1,0,0,1,'2010-07-02 08:54:31','2010-07-02 08:54:31'),(159,' ',95,1,0,0,0,'2010-07-02 08:54:59','2010-07-02 08:54:59'),(160,'api//2753sencor-osobna-vaga-sbs-113sl.jpg',95,1,0,0,1,'2010-07-02 08:55:18','2010-07-02 08:55:18'),(161,' ',95,1,0,0,0,'2010-07-02 08:56:20','2010-07-02 08:56:20'),(162,'api//594sencor-susilo-za-kosu-shd-7030tq.jpg',95,1,0,0,1,'2010-07-02 09:00:48','2012-11-26 15:10:17'),(163,' ',95,1,0,0,0,'2010-07-02 09:01:22','2012-11-06 15:48:06'),(164,' ',95,1,0,0,0,'2010-07-02 09:02:17','2010-07-02 09:02:17'),(165,' ',95,1,0,0,0,'2010-07-02 09:04:09','2010-07-02 09:04:09'),(166,'catalog/9/6/9690.jpg',95,1,0,0,1,'2010-07-02 09:05:58','2010-07-02 09:05:58'),(167,' ',79,1,0,0,0,'2010-07-02 09:06:40','2012-10-16 13:51:49'),(168,' ',79,1,0,0,0,'2010-07-02 09:07:00','2012-10-16 13:51:43'),(169,'catalog/products_2025/tcl_32s4k.jpg',79,1,0,0,1,'2010-07-02 09:07:19','2025-09-05 12:50:26'),(170,'catalog/products_2025/40s5k.jpg',79,1,0,0,1,'2010-07-02 09:07:52','2025-09-05 12:50:15'),(171,'catalog/PHILIPS/48oled820_1.jpg',79,1,0,0,1,'2010-07-02 09:08:10','2025-09-05 12:49:54'),(172,'catalog/products_2025/55P7K.jpg',79,1,0,0,1,'2010-07-02 09:08:26','2025-09-05 12:49:44'),(173,'api//644sencor-auto-radio-sct-3018mr.jpg',89,1,0,0,1,'2010-07-02 09:10:05','2010-07-02 09:10:58'),(174,'api//1304sencor-zvucnici-za-auto-scs-bx1002.jpg',89,1,0,0,1,'2010-07-02 09:11:15','2010-07-02 09:11:15'),(175,' ',89,1,0,0,0,'2010-07-02 09:11:52','2010-07-02 09:11:52'),(176,' ',89,1,0,0,0,'2010-07-02 09:12:17','2012-09-21 12:13:48'),(177,' ',89,1,0,0,0,'2010-07-02 09:14:25','2010-07-02 09:14:25'),(178,' ',89,1,0,0,0,'2010-07-02 09:15:51','2010-07-02 09:15:51'),(179,' ',89,1,0,0,0,'2010-07-02 09:16:09','2010-07-02 09:16:09'),(263,'api//648sencor-fm-modulator-swm-151-rds.jpg',0,0,1,0,1,'2023-03-16 07:20:14','2023-03-16 07:20:14'),(181,'api//683yenkee-prijenosni-zvucnik-ysp-1005bk.jpg',89,1,0,0,1,'2010-07-02 09:17:54','2010-07-02 09:17:54'),(182,' ',82,1,0,0,0,'2010-07-02 09:19:08','2015-12-14 11:30:44'),(183,' ',82,1,0,0,0,'2010-07-02 09:19:56','2012-04-21 22:35:22'),(184,'api//1267retlux-lazna-kamera-rdc-4002.jpg',82,1,0,0,1,'2010-07-02 09:21:12','2015-12-14 11:31:53'),(185,'catalog/9/1/91_9.jpg',84,1,0,0,1,'2010-07-02 09:21:37','2010-07-02 09:21:37'),(186,' ',84,1,0,0,0,'2010-07-02 09:21:56','2010-07-02 09:21:56'),(260,'api//616sencor-antena-sda-640.jpg',79,1,1,0,1,'2023-03-03 14:33:40','2023-03-03 14:54:38'),(188,' ',90,1,0,0,0,'2010-07-02 09:22:35','2012-04-21 22:37:01'),(189,' ',90,1,0,0,0,'2010-07-02 09:22:49','2012-04-21 22:37:08'),(190,'catalog/r/r/rrrr.jpg',92,1,0,0,1,'2010-07-02 09:23:14','2015-01-27 15:38:49'),(191,'catalog/ALFA_PLAM/LUCA12_ECO.jpg',92,1,0,0,1,'2010-07-02 09:23:29','2014-01-27 07:19:27'),(192,' ',92,1,0,0,0,'2010-07-02 09:23:50','2013-12-10 18:48:23'),(193,'catalog/v/e/vesta_crvena.png',92,1,0,0,1,'2010-07-02 09:24:07','2012-04-21 22:38:03'),(194,'catalog/GORENJE/A2.jpg',94,1,0,0,1,'2010-07-11 15:45:23','2012-04-21 23:13:41'),(195,'catalog/4/8/48_1_9.jpg',94,1,0,0,1,'2010-07-11 15:46:48','2012-09-21 12:17:34'),(196,' ',75,1,0,0,0,'2010-08-18 14:25:46','2011-11-07 15:48:35'),(197,' ',80,1,0,0,0,'2010-08-25 15:46:12','2012-04-21 22:33:13'),(198,'catalog/p/l/plamen_850_glas_n_bijeli.png',92,1,0,0,1,'2010-08-26 09:34:13','2012-04-21 22:38:11'),(199,' ',0,1,0,0,0,'2010-12-29 09:19:29','2018-04-27 11:25:01'),(200,'catalog/0kategorije-slike/ChatGPT Image Feb 12, 2026, 01_24_55 PM.png',0,1,0,0,1,'2012-02-02 08:55:53','2026-02-12 13:25:26'),(201,'catalog/2/0/20_5_2.jpg',200,1,0,0,1,'2012-02-02 08:58:47','2012-02-02 08:59:25'),(202,'catalog/3/4/34_1_22.jpg',200,1,0,0,1,'2012-02-02 09:00:07','2012-02-02 09:03:10'),(203,'catalog/REGINOX/REGINOX_SOMO_1.jpg',200,1,0,0,1,'2012-02-02 09:01:57','2012-02-02 09:03:22'),(204,' ',200,1,0,0,0,'2012-02-02 09:02:48','2012-02-02 09:02:48'),(205,'catalog/FRANKE/old_england_bronce.jpg',200,1,0,0,1,'2012-02-02 09:04:22','2012-02-02 09:04:22'),(206,'catalog/n/e/nera.png',0,1,0,0,0,'2012-02-22 23:55:42','2014-04-08 15:14:32'),(207,'catalog/GORENJE/MMC_BVS3.jpg',94,1,0,0,1,'2012-03-23 10:43:52','2012-04-21 23:14:04'),(208,' ',0,1,0,0,0,'2012-05-06 14:14:57','2014-04-12 17:02:00'),(209,'catalog/p/l/platno.jpg',93,1,0,0,1,'2012-07-06 14:57:33','2012-07-06 14:58:56'),(210,'catalog/1/_/1_21.png',92,1,0,0,1,'2012-07-19 13:51:33','2012-07-19 13:54:55'),(211,'catalog/2/0/20_4_27.jpg',79,1,0,0,1,'2012-08-09 13:37:59','2012-08-09 13:41:59'),(212,'catalog/1/1/11_2.png',92,1,0,0,1,'2012-09-11 13:12:25','2012-09-11 13:12:25'),(213,' ',80,1,0,0,0,'2012-12-04 08:49:37','2013-12-06 22:19:36'),(214,'catalog/d/1/d1bc8379fa1ce441eec23f1e8505.jpeg',92,1,0,0,1,'2013-09-25 09:11:53','2016-11-08 16:20:47'),(215,'catalog/5/4/548833.jpg',200,1,0,0,1,'2016-01-28 18:05:45','2016-01-28 18:05:52'),(216,' ',80,1,0,0,0,'2016-05-07 14:16:50','2016-05-07 14:16:50'),(217,'catalog/TCL_TV/65P74K.jpg',79,1,0,0,1,'2016-05-30 12:25:51','2025-09-05 12:49:30'),(218,'catalog/ELECTROLUX/LYB2AF82S.png',93,1,0,0,1,'2020-03-25 19:37:28','2020-03-26 09:03:32'),(231,'api//477sencor-cetka-za-usisavac-svx-110tb.jpg',154,1,1,0,1,'2023-03-03 12:52:39','2023-03-03 14:52:08'),(232,'api//500sencor-cistac-tkanina-slr-33.jpg',94,1,1,0,1,'2023-03-03 12:52:46','2023-03-03 14:52:15'),(234,'api//523sencor-aparat-za-mljevenje-mesa-smg-4382.jpg',94,1,1,0,1,'2023-03-03 12:52:50','2023-03-03 14:52:39'),(261,'api//628sencor-radio-sa-budilicom-sdc-120.jpg',94,1,1,0,1,'2023-03-03 14:33:40','2023-03-03 14:54:12'),(253,'api//692fieldmann-usisavac-suho-mokro-fdu-2003-e.jpg',94,0,1,0,1,'2023-03-03 13:50:03','2023-03-03 14:52:45'),(254,'api//548sencor-hladnjak-za-auto-scm-2025.jpg',93,1,1,0,1,'2023-03-03 14:33:39','2023-03-03 14:53:20'),(265,'api//653sencor-adapter-600-ma-sps-6.jpg',0,0,1,0,1,'2023-03-16 07:20:17','2023-03-16 07:20:17'),(256,'api//578sencor-elektricni-rostilj-sbg-106bk.jpg',94,1,1,0,1,'2023-03-03 14:33:40','2023-03-03 14:55:10'),(257,'api//582sencor-preklopni-toster-ssm-4310wh.jpg',94,1,1,0,1,'2023-03-03 14:33:40','2023-03-03 14:54:47'),(266,'api//656sencor-cistac-ekrana-scl-2200.jpg',0,0,1,0,1,'2023-03-16 07:20:18','2023-03-16 07:20:18'),(262,'api//2764sencor-slusalice-sa-mikrofonom-sep-629.jpg',81,1,1,0,1,'2023-03-03 14:33:40','2023-03-03 14:53:30'),(264,'api//650sencor-radio-stanica-smr-600.jpg',0,0,1,0,1,'2023-03-16 07:20:16','2023-03-16 07:20:16'),(267,'api//659sencor-utp-kabel-sco-560-010.jpg',0,0,1,0,1,'2023-03-16 07:20:19','2023-03-16 07:20:19'),(268,'api//668smarton-prijenosni-radio-sm-2000.jpg',0,0,1,0,1,'2023-03-16 07:20:19','2023-03-16 07:20:19'),(269,'api//669stell-zidni-nosac-za-tv-sho-2050-slim.jpg',79,1,1,0,1,'2023-03-16 07:20:20','2023-03-16 08:01:17'),(270,'api//680yenkee-usb-prikljucak-yhb-4001bk.jpg',0,0,1,0,1,'2023-03-16 07:21:09','2023-03-16 07:21:09'),(271,'api//681yenkee-zicani-mis-yms-1015bk.jpg',0,0,1,0,1,'2023-03-16 07:21:10','2023-03-16 07:21:10'),(272,'api//695fieldmann-strugalica-za-led-fzo-5011.jpg',0,0,1,0,1,'2023-03-16 07:21:16','2023-03-16 07:21:16'),(273,'api//1039sencor-kuhalo-vode-swk-1785bk.jpg',0,0,1,0,1,'2023-03-16 07:21:26','2023-03-16 07:21:26'),(274,'api//1146sencor-elektricno-kuhalo-scp-1504bk-eue4.jpg',0,0,1,0,1,'2023-03-16 07:21:30','2023-03-16 07:21:30'),(275,'api//1249sencor-sjeckalica-shb-4330wh.jpg',0,0,1,0,1,'2023-03-16 07:21:35','2023-03-16 07:21:35'),(276,'api//1157sencor-dvd-player-sdv-1204h.jpg',0,0,1,0,1,'2023-03-16 07:21:37','2023-03-16 07:21:37'),(277,'api//1174fieldmann-visokotlacni-cistac-fdw-201401-e.jpg',0,0,1,0,1,'2023-03-16 07:21:46','2023-03-16 07:21:46'),(278,'api//2205sencor-aparat-za-brijanje-sms-5011sl.jpg',95,0,1,0,1,'2023-03-16 07:21:48','2023-03-16 07:32:58'),(279,'api//2719sencor-set-za-pedikuru-spe-4110bl.jpg',0,0,1,0,1,'2023-03-16 07:21:48','2023-03-16 07:21:48'),(280,'api//1196sencor-mini-linija-smc-4120b.jpg',0,0,1,0,1,'2023-03-16 07:21:55','2023-03-16 07:21:55'),(281,'api//1264retlux-detektor-ugljicnog-monoksida-rdt-301.jpg',0,0,1,0,1,'2023-03-16 07:24:24','2023-03-16 07:24:24'),(282,'api//1268retlux-digitalni-multimetar-rdm-1001.jpg',0,0,1,0,1,'2023-03-16 07:24:25','2023-03-16 07:24:25'),(283,'api//1296retlux-ispitivac-struje-rpt-101.jpg',0,0,1,0,1,'2023-03-16 07:24:26','2023-03-16 07:24:26'),(284,'api//1324samsung-filter-za-hladnjak-haf-cin-exp.jpg',0,0,1,0,1,'2023-03-16 07:24:32','2023-03-16 07:24:32'),(285,'api//3984amica-ugradbena-pecnica-in-eb422vb.jpg',0,0,1,0,1,'2023-03-16 07:24:37','2023-03-16 07:24:37'),(286,'api//1843amica-domino-ploca-pe0420.jpg',0,0,1,0,1,'2023-03-16 07:24:38','2023-03-16 07:24:38'),(287,'api//1857amica-napa-osc5112w.jpg',0,0,1,0,1,'2023-03-16 07:24:40','2023-03-16 07:24:40'),(288,'api//1874amica-ugradbena-perilica-posuda-egsp-14870-v.jpg',0,0,1,0,1,'2023-03-16 07:24:42','2023-03-16 07:24:42'),(289,'api//3983amica-ugradbeni-hladnjak-bk3163.jpg',0,0,1,0,1,'2023-03-16 07:24:43','2023-03-16 07:24:43'),(290,'api//6031amica-ugradbena-mikrovalna-amg20b-f-type-1191780-.jpg',0,0,1,0,1,'2023-03-16 07:24:44','2023-03-16 07:24:44'),(291,'api//2947sencor-susilo-za-kosu-shd-7221gr.jpg',0,0,1,0,1,'2023-03-16 07:24:51','2023-03-16 07:24:51'),(292,'api//3121lamart-kalup-za-kuglof-lt3073.jpg',0,0,1,0,1,'2023-03-16 07:24:56','2023-03-16 07:24:56'),(293,'api//3238sencor-elektricna-cetkica-za-zube-soc-1102tq.jpg',95,0,1,0,1,'2023-03-16 07:25:06','2023-03-16 07:58:22'),(294,'api//3295sencor-svjetiljka-za-bicikl-sll-90.jpg',94,0,1,0,1,'2023-03-16 07:25:09','2023-03-16 07:32:27'),(295,'api//3314sencor-ovlazivac-zraka-shf-2050bl.jpg',0,0,1,0,1,'2023-03-16 07:25:14','2023-03-16 07:25:14'),(296,'api//3315sencor-kalkulator-sec-353t.jpg',0,0,1,0,1,'2023-03-16 07:25:14','2023-03-16 07:25:14'),(297,'api//3326lamart-set-posuda-za-hranu-lt6012.jpg',0,0,1,0,1,'2023-03-16 07:25:16','2023-03-16 07:25:16'),(298,'api//3328lamart-termos-boca-lt4042.jpg',0,0,1,0,1,'2023-03-16 07:25:17','2023-03-16 07:25:17'),(299,'api//3338lamart-set-nozeva-s-daskom-lt2056.jpg',0,0,1,0,1,'2023-03-16 07:25:19','2023-03-16 07:25:19'),(300,'api//3340lamart-tava-wok-lt1094.jpg',0,0,1,0,1,'2023-03-16 07:25:19','2023-03-16 07:25:19'),(301,'api//3458tefal-glacalo-na-paru-fv3951e0.jpg',0,0,1,0,1,'2023-03-16 07:25:21','2023-03-16 07:25:21'),(302,'api//3863amica-kombinirani-stednjak-58me238hzpnxv-inox-55819.jpg',0,0,1,0,1,'2023-03-16 07:25:38','2023-03-16 07:25:38'),(303,NULL,0,0,1,0,0,'2023-03-16 07:25:56','2023-03-16 07:25:56'),(304,'api//4477lamart-daska-za-glacanje-lt8001.jpg',0,0,1,0,1,'2023-03-16 07:26:04','2023-03-16 07:26:04'),(305,'api//4496lamart-set-za-brisanje-podova-lt8036.jpg',0,0,1,0,1,'2023-03-16 07:26:09','2023-03-16 07:26:09'),(306,'api//4723jamstvo-b1-bonus-zastita-pgr-60-5-godina-uredaji-od-500-kn-do-2000-kn.jpg',0,0,1,0,1,'2023-03-16 07:26:14','2023-03-16 07:26:14'),(307,'api//4777sencor-sisac-za-kosu-s-priborom-shp-7411bk.jpg',0,0,1,0,1,'2023-03-16 07:26:21','2023-03-16 07:26:21'),(308,'api//4800sencor-akcijska-kamera-3cam-4k04wr.jpg',0,0,1,0,1,'2023-03-16 07:26:29','2023-03-16 07:26:29'),(309,'api//5003sencor-multifunkcionalni-stednjak-za-kuhanje-pod-pritiskom-spr-3600wh.jpg',0,0,1,0,1,'2023-03-16 07:26:39','2023-03-16 07:26:39'),(310,'api//5200mtm-plasticna-kutija-spremnik-za-kruh.jpg',0,0,1,0,1,'2023-03-16 07:26:49','2023-03-16 07:26:49'),(311,'api//5292altom-design-univerzalne-skare-135-cm.jpg',0,0,1,0,1,'2023-03-16 07:26:58','2023-03-16 07:26:58'),(312,'api//5333silesia-emajlirana-posuda-za-pecenje-s-poklopcem-11-litara-58-litara-42-cm-x-20-cm-.jpg',0,0,1,0,1,'2023-03-16 07:27:15','2023-03-16 07:27:15'),(313,'api//5836altom-design-strugalica-za-voce-i-povrce-od-nehrdajuceg-celika.jpg',0,0,1,0,1,'2023-03-16 07:27:33','2023-03-16 07:27:33'),(314,'api//6069fieldmann-potopna-pumpa-fvc-2001-ec.jpg',0,0,1,0,1,'2023-03-16 07:27:54','2023-03-16 07:27:54'),(315,'api//6202heinner-parna-postaja-linaria-his-d2400wb.jpg',0,0,1,0,1,'2023-03-16 07:28:06','2023-03-16 07:28:06'),(316,'api//6733heinner-grijalica-hfh-l2000gd.jpg',0,0,1,0,1,'2023-03-16 07:28:59','2023-03-16 07:28:59'),(317,'api//6999-serioux-gaming-stolica-x-gc01-2d-r.jpg',0,0,1,0,1,'2023-03-16 07:29:20','2023-03-16 07:29:20'),(318,'api//7339sencor-elektricna-deka-sub-2700wh.jpg',0,0,1,0,1,'2023-03-16 07:29:54','2023-03-16 07:29:54'),(319,'api//7359sencor-daljinski-upravljac-sdb-learning-rcu-2020.jpg',0,0,1,0,1,'2023-03-16 07:29:57','2023-03-16 07:29:57'),(320,'api//7477browin-sobni-unutarnji-termometar-drveni-15-x-4-cm-40600711.jpg',0,0,1,0,1,'2023-03-16 07:30:13','2023-03-16 07:30:13'),(321,'api//7549serioux-digitalni-foto-okvir-sa882mled.jpg',0,0,1,0,1,'2023-03-16 07:30:23','2023-03-16 07:30:23'),(322,'api//8142hikvision-ip-video-nadzor-komplet-nk42e0h-1t-wd-2mp-.jpg',0,0,1,0,1,'2023-03-16 07:34:32','2023-03-16 07:34:32'),(323,'api//8253sencor-digitalni-prijemnik-sdb-521t-hdmi-kabel-scart-kabel.jpg',0,0,1,0,1,'2023-03-16 07:34:40','2023-03-16 07:34:40'),(324,'api//8256korkmaz-alfa-lonac-a1017.jpg',0,0,1,0,1,'2023-03-16 07:34:40','2023-03-16 07:34:40'),(325,'api//8678smartsound-zvucnik-jd-802-tipkovnica-silver.jpg',0,0,1,0,1,'2023-03-16 07:35:22','2023-03-16 07:35:22'),(326,'api//8729heinner-zamrzivac-hff-v280nff.jpg',0,0,1,0,1,'2023-03-16 07:35:29','2023-03-16 07:35:29'),(327,'api//8770sencor-podni-ventilator-sfn-4031bk.jpg',0,0,1,0,1,'2023-03-16 07:35:33','2023-03-16 07:35:33'),(328,'api//8801heinner-mobilna-klima-hpac-12wh.jpg',0,0,1,0,1,'2023-03-16 07:35:36','2023-03-16 07:35:36'),(329,'api//8916tesy-elektricni-bojler-gcv503820b11tsr.jpg',0,0,1,0,1,'2023-03-16 07:35:48','2023-03-16 07:35:48'),(330,'api//9424remington-susilo-za-kosu-ac9096-silk.jpg',0,0,1,0,1,'2023-03-16 07:36:39','2023-03-16 07:36:39'),(331,'api//9950rowenta-susilo-za-kosu-cv7827f0-signature-pro-ac-.jpg',0,0,1,0,1,'2023-03-16 07:44:32','2023-03-16 07:44:32'),(332,'api//10195philips-usisavac-s-vrecicama-fc824009.jpg',0,0,1,0,1,'2023-03-16 07:44:47','2023-03-16 07:44:47'),(333,'api//11346fieldmann-kanister-5-litara-fzr-9060.jpg',0,0,1,0,1,'2023-03-16 07:45:59','2023-03-16 07:45:59'),(334,'api//11586heinner-perilica-rublja-sa-susilicom-hwdm-h9614b.jpg',0,0,1,0,1,'2023-03-16 07:46:17','2023-03-16 07:46:17'),(335,'api//12388retlux-zidna-svjetiljka-rsm-101.jpg',0,0,1,0,1,'2023-03-16 07:47:54','2023-03-16 07:47:54'),(336,'api//12493yenkee-gaming-tipkovnica-ykb-3001us.jpg',0,0,1,0,1,'2023-03-16 07:48:03','2023-03-16 07:48:03'),(337,'api//12697excetra-mini-stretch-folija-10-cm-150-.jpg',0,0,1,0,1,'2023-03-16 07:48:30','2023-03-16 07:48:30'),(338,'catalog/TCL_TV/75p7k.jpg',79,1,1,0,1,'2025-09-05 12:51:54','2026-01-22 19:54:37');
/*!40000 ALTER TABLE `oc_category` ENABLE KEYS */;
UNLOCK TABLES;

--
-- Table structure for table `oc_category_canonical`
--

DROP TABLE IF EXISTS `oc_category_canonical`;
/*!40101 SET @saved_cs_client     = @@character_set_client */;
/*!50503 SET character_set_client = utf8mb4 */;
CREATE TABLE `oc_category_canonical` (
  `id` int NOT NULL AUTO_INCREMENT,
  `category_id` int NOT NULL,
  `path` varchar(100) NOT NULL,
  PRIMARY KEY (`id`),
  KEY `category_id` (`category_id`)
) ENGINE=InnoDB DEFAULT CHARSET=utf8mb3;
/*!40101 SET character_set_client = @saved_cs_client */;

--
-- Dumping data for table `oc_category_canonical`
--

LOCK TABLES `oc_category_canonical` WRITE;
/*!40000 ALTER TABLE `oc_category_canonical` DISABLE KEYS */;
/*!40000 ALTER TABLE `oc_category_canonical` ENABLE KEYS */;
UNLOCK TABLES;

--
-- Table structure for table `oc_category_description`
--

DROP TABLE IF EXISTS `oc_category_description`;
/*!40101 SET @saved_cs_client     = @@character_set_client */;
/*!50503 SET character_set_client = utf8mb4 */;
CREATE TABLE `oc_category_description` (
  `category_id` int NOT NULL,
  `language_id` int NOT NULL,
  `name` varchar(255) NOT NULL,
  `description` text NOT NULL,
  `meta_title` varchar(255) NOT NULL,
  `meta_description` varchar(255) NOT NULL,
  `meta_keyword` varchar(255) NOT NULL,
  `h1` varchar(300) DEFAULT NULL,
  `h2` varchar(300) DEFAULT NULL,
  `image_alt` varchar(300) DEFAULT NULL,
  `image_title` varchar(300) DEFAULT NULL,
  PRIMARY KEY (`category_id`,`language_id`),
  KEY `name` (`name`),
  KEY `idx_cd_lang_name_category` (`language_id`,`name`(128),`category_id`)
) ENGINE=MyISAM DEFAULT CHARSET=utf8mb3;
/*!40101 SET character_set_client = @saved_cs_client */;

--
-- Dumping data for table `oc_category_description`
--

LOCK TABLES `oc_category_description` WRITE;
/*!40000 ALTER TABLE `oc_category_description` DISABLE KEYS */;
INSERT INTO `oc_category_description` VALUES (75,3,'Katalog proizvoda','','Katalog proizvoda','Katalog proizvoda','katalog proizvoda',NULL,NULL,NULL,NULL),(76,3,'Sniženja','','Sniženja','Internet trgovina popusti, sniženja i najpovoljnije cijene na jednom mjestu','sniženja',NULL,NULL,NULL,NULL),(77,3,'Novo','','Novo','Novo','novo',NULL,NULL,NULL,NULL),(78,3,'Posebna narudžba','','Posebna narudžba','Posebna narudžba','posebna narudžba',NULL,NULL,NULL,NULL),(79,3,'Televizori','','Televizori','Televizori','LG, LG electronics, LG LED TV, LG LCD TV, LG PLAZMA, LG audio video tehnika, LG kućno kino, LG bluray player, bluray, bluray player, LG bijela tehnika, LG klima uređaji, LG klima inverter, Philips Croatia,Philips Hrvatska, Philips, Philips LED TV, Phili',NULL,NULL,NULL,NULL),(80,3,'Informatika','','Informatika','Informatika','informatika',NULL,NULL,NULL,NULL),(81,3,'Elektronika','','Elektronika','Elektronika','elektronika','','','',''),(82,3,'Kamere i fotoaparati','','Kamere i fotoaparati','Kamere i fotoaparati','kamere i fotoaparati',NULL,NULL,NULL,NULL),(83,3,'Prijenosna računala','Prijenosna računala','Prijenosna računala','Prijenosna računala - Prijenosna računala','prijenosna računala',NULL,NULL,NULL,NULL),(84,3,'Telefonija / Mobiteli','','Telefonija / Mobiteli','Telefonija / Mobiteli','telefonija / mobiteli',NULL,NULL,NULL,NULL),(85,3,'HDD - Eksterni disk','','HDD - Eksterni disk','HDD - Eksterni disk','hdd - eksterni disk',NULL,NULL,NULL,NULL),(86,3,'Printeri','','Printeri','Printeri','printeri',NULL,NULL,NULL,NULL),(87,3,'Monitori','','Monitori','Monitori','monitori',NULL,NULL,NULL,NULL),(88,3,'PC konfiguracije','','PC konfiguracije','PC konfiguracije','pc konfiguracije',NULL,NULL,NULL,NULL),(89,3,'Audio / Video','','Audio / Video','Audio / Video','audio / video',NULL,NULL,NULL,NULL),(90,3,'Igraće konzole','','Igraće konzole','Igraće konzole','igraće konzole',NULL,NULL,NULL,NULL),(91,3,'GPS navigacija','','GPS navigacija','GPS navigacija','gps navigacija',NULL,NULL,NULL,NULL),(92,3,'Hlađenje / Grijanje','','Hlađenje / Grijanje','Hlađenje / Grijanje','hlađenje / grijanje','','','',''),(93,3,'Bijela tehnika','','Bijela tehnika','Bijela tehnika','bijela tehnika','','','',''),(94,3,'Mali kućanski aparati','','Mali kućanski aparati','Mali kućanski aparati','mali kućanski aparati','','','',''),(95,3,'Osobna njega','','Osobna njega','Osobna njega','osobna njega','','','',''),(96,3,'Alat','','Alat','Alat','alat',NULL,NULL,NULL,NULL),(97,3,'Vrtni alat','','Vrtni alat','Vrtni alat','vrtni alat',NULL,NULL,NULL,NULL),(98,3,'Akumulatorski alati','','Akumulatorski alati','Akumulatorski alati','akumulatorski alati',NULL,NULL,NULL,NULL),(99,3,'Blanje','','Blanje','Blanje','blanje',NULL,NULL,NULL,NULL),(100,3,'Brusilice','','Brusilice','Brusilice','brusilice',NULL,NULL,NULL,NULL),(101,3,'Bušaći čekići','','Bušaći čekići','Bušaći čekići','bušaći čekići',NULL,NULL,NULL,NULL),(102,3,'Bušilice','','Bušilice','Bušilice','bušilice',NULL,NULL,NULL,NULL),(103,3,'Kružne pile','','Kružne pile','Kružne pile','kružne pile',NULL,NULL,NULL,NULL),(104,3,'Pištolj za lemljenje','','Pištolj za lemljenje','Pištolj za lemljenje','pištolj za lemljenje',NULL,NULL,NULL,NULL),(105,3,'Pištolj za prskanje','','Pištolj za prskanje','Pištolj za prskanje','pištolj za prskanje',NULL,NULL,NULL,NULL),(106,3,'Puhalo vrućeg zraka','','Puhalo vrućeg zraka','Puhalo vrućeg zraka','puhalo vrućeg zraka',NULL,NULL,NULL,NULL),(107,3,'Ubodne pile','','Ubodne pile','Ubodne pile','ubodne pile',NULL,NULL,NULL,NULL),(108,3,'Ručni alat','','Ručni alat','Ručni alat','ručni alat',NULL,NULL,NULL,NULL),(109,3,'Kosilice','','Kosilice','Kosilice','kosilice',NULL,NULL,NULL,NULL),(110,3,'Motorne pile','','Motorne pile','Motorne pile','motorne pile',NULL,NULL,NULL,NULL),(111,3,'Škare za živicu','','Škare za živicu','Škare za živicu','škare za živicu',NULL,NULL,NULL,NULL),(112,3,'Trimeri','','Trimeri','Trimeri','trimeri',NULL,NULL,NULL,NULL),(113,3,'Visoko tlačni perači','','Visoko tlačni perači','Visoko tlačni perači','visoko tlačni perači',NULL,NULL,NULL,NULL),(114,3,'Bojleri','','Bojleri','Bojleri','bojleri',NULL,NULL,NULL,NULL),(115,3,'Hladnjaci','','Hladnjaci','Hladnjaci','hladnjaci',NULL,NULL,NULL,NULL),(116,3,'Hladnjaci kombinirani','','Hladnjaci kombinirani','Hladnjaci kombinirani','hladnjaci kombinirani',NULL,NULL,NULL,NULL),(117,3,'Hladnjaci kombinirani ugradbeni','','Hladnjaci kombinirani ugradbeni','Hladnjaci kombinirani ugradbeni','hladnjaci kombinirani ugradbeni',NULL,NULL,NULL,NULL),(118,3,'Hladnjaci side by side','','Hladnjaci side by side','Hladnjaci side by side','hladnjaci side by side',NULL,NULL,NULL,NULL),(119,3,'Hladnjaci ugradbeni','','Hladnjaci ugradbeni','Hladnjaci ugradbeni','hladnjaci ugradbeni',NULL,NULL,NULL,NULL),(120,3,'Hladnjaci za vino','','Hladnjaci za vino','Hladnjaci za vino','hladnjaci za vino',NULL,NULL,NULL,NULL),(121,3,'Ledenice','','Ledenice','Ledenice','ledenice',NULL,NULL,NULL,NULL),(122,3,'Mikrovalne pećnice','','Mikrovalne pećnice','Mikrovalne pećnice','mikrovalne pećnice',NULL,NULL,NULL,NULL),(123,3,'Mikrovalne pećnice ugradbene','','Mikrovalne pećnice ugradbene','Mikrovalne pećnice ugradbene','mikrovalne pećnice ugradbene',NULL,NULL,NULL,NULL),(124,3,'Mini kuhinja','','Mini kuhinja','Mini kuhinja','mini kuhinja',NULL,NULL,NULL,NULL),(125,3,'Nape','','Nape','Nape','nape',NULL,NULL,NULL,NULL),(126,3,'Pećnice električne ugradbene','','Pećnice električne ugradbene','Pećnice električne ugradbene','pećnice električne ugradbene',NULL,NULL,NULL,NULL),(127,3,'Perilice i sušilice rublja','','Perilice i sušilice rublja','Perilice i sušilice rublja','perilice i sušilice rublja',NULL,NULL,NULL,NULL),(128,3,'Perilice posuđa','','Perilice posuđa','Perilice posuđa','perilice posuđa',NULL,NULL,NULL,NULL),(129,3,'Perilice posuđa ugradbene','','Perilice posuđa ugradbene','Perilice posuđa ugradbene','perilice posuđa ugradbene',NULL,NULL,NULL,NULL),(130,3,'Perilice rublja','','Perilice rublja','Perilice rublja','perilice rublja',NULL,NULL,NULL,NULL),(131,3,'Ploča za kuhanje električna','','Ploča za kuhanje električna','Ploča za kuhanje električna','ploča za kuhanje električna',NULL,NULL,NULL,NULL),(132,3,'Ploča za kuhanje kombinirana','','Ploča za kuhanje kombinirana','Ploča za kuhanje kombinirana','ploča za kuhanje kombinirana',NULL,NULL,NULL,NULL),(133,3,'Ploča za kuhanje plinska','','Ploča za kuhanje plinska','Ploča za kuhanje plinska','ploča za kuhanje plinska',NULL,NULL,NULL,NULL),(134,3,'Sušilice rublja','','Sušilice rublja','Sušilice rublja','sušilice rublja',NULL,NULL,NULL,NULL),(135,3,'Štednjaci električni','','Štednjaci električni','Štednjaci električni','štednjaci električni',NULL,NULL,NULL,NULL),(136,3,'Štednjaci kombinirani','','Štednjaci kombinirani','Štednjaci kombinirani','štednjaci kombinirani',NULL,NULL,NULL,NULL),(137,3,'Štednjaci plinski','','Štednjaci plinski','Štednjaci plinski','štednjaci plinski',NULL,NULL,NULL,NULL),(138,3,'Aparati za kavu','','Aparati za kavu','Aparati za kavu','aparati za kavu',NULL,NULL,NULL,NULL),(139,3,'Aparati za vakumiranje','','Aparati za vakumiranje','Aparati za vakumiranje','aparati za vakumiranje',NULL,NULL,NULL,NULL),(140,3,'Blenderi','','Blenderi','Blenderi','blenderi',NULL,NULL,NULL,NULL),(141,3,'Friteze','','Friteze','Friteze','friteze',NULL,NULL,NULL,NULL),(142,3,'Glačala','','Glačala','Glačala','glačala',NULL,NULL,NULL,NULL),(143,3,'Glačala parne postaje','','Glačala parne postaje','Glačala parne postaje','glačala parne postaje',NULL,NULL,NULL,NULL),(144,3,'Kuhalo za vodu','','Kuhalo za vodu','Kuhalo za vodu','kuhalo za vodu',NULL,NULL,NULL,NULL),(145,3,'Kuhinjske vage','','Kuhinjske vage','Kuhinjske vage','kuhinjske vage',NULL,NULL,NULL,NULL),(146,3,'Mikseri','','Mikseri','Mikseri','mikseri',NULL,NULL,NULL,NULL),(147,3,'Mlinci za kavu','','Mlinci za kavu','Mlinci za kavu','mlinci za kavu',NULL,NULL,NULL,NULL),(148,3,'Parna kuhala','','Parna kuhala','Parna kuhala','parna kuhala',NULL,NULL,NULL,NULL),(149,3,'Pekači kruha','','Pekači kruha','Pekači kruha','pekači kruha',NULL,NULL,NULL,NULL),(150,3,'Rezalice i sjeckalice','','Rezalice i sjeckalice','Rezalice i sjeckalice','rezalice i sjeckalice',NULL,NULL,NULL,NULL),(151,3,'Roštilji','','Roštilji','Roštilji','roštilji',NULL,NULL,NULL,NULL),(152,3,'Sokovnici','','Sokovnici','Sokovnici','sokovnici',NULL,NULL,NULL,NULL),(153,3,'Tosteri i pekači','','Tosteri i pekači','Tosteri i pekači','tosteri i pekači',NULL,NULL,NULL,NULL),(154,3,'Usisavači','','Usisavači','Usisavači','usisavači',NULL,NULL,NULL,NULL),(155,3,'Brijaći aparat','','Brijaći aparat','Brijaći aparat','brijaći aparat',NULL,NULL,NULL,NULL),(156,3,'Četka za kosu','','Četka za kosu','Četka za kosu','četka za kosu',NULL,NULL,NULL,NULL),(157,3,'Depilatori','','Depilatori','Depilatori','depilatori',NULL,NULL,NULL,NULL),(158,3,'Glačala za kosu','','Glačala za kosu','Glačala za kosu','glačala za kosu',NULL,NULL,NULL,NULL),(159,3,'Hidromasažne kade','','Hidromasažne kade','Hidromasažne kade','hidromasažne kade',NULL,NULL,NULL,NULL),(160,3,'Osobne vage','','Osobne vage','Osobne vage','osobne vage',NULL,NULL,NULL,NULL),(161,3,'Ovlaživači, ionizatori, pročišćivači','','Ovlaživači, ionizatori, pročišćivači','Ovlaživači, ionizatori, pročišćivači','ovlaživači, ionizatori, pročišćivači',NULL,NULL,NULL,NULL),(162,3,'Sušilo za kosu','','Sušilo za kosu','Sušilo za kosu','sušilo za kosu',NULL,NULL,NULL,NULL),(163,3,'Šišači za bradu i obrve','','Šišači za bradu i obrve','Šišači za bradu i obrve','šišači za bradu i obrve',NULL,NULL,NULL,NULL),(164,3,'Šišači za kosu','','Šišači za kosu','Šišači za kosu','šišači za kosu',NULL,NULL,NULL,NULL),(165,3,'Trimeri i šišači dlačica u nosu','','Trimeri i šišači dlačica u nosu','Trimeri i šišači dlačica u nosu','trimeri i šišači dlačica u nosu',NULL,NULL,NULL,NULL),(166,3,'Uvijači za kosu','','Uvijači za kosu','Uvijači za kosu','uvijači za kosu',NULL,NULL,NULL,NULL),(167,3,'LED TV do 22\"','','LED TV do 22\"','LED TV do 22\"','led tv do 22\"',NULL,NULL,NULL,NULL),(168,3,'LED TV do 26\"','','LED TV do 26\"','LED TV do 26\"','led tv do 26\"',NULL,NULL,NULL,NULL),(173,3,'Auto radio','','Auto radio','Auto radio','auto radio',NULL,NULL,NULL,NULL),(174,3,'Auto zvučnici','','Auto zvučnici','Auto zvučnici','auto zvučnici',NULL,NULL,NULL,NULL),(175,3,'AV receiver','','AV receiver','AV receiver','av receiver',NULL,NULL,NULL,NULL),(176,3,'Blu-ray player','','Blu-ray player','Blu-ray player','blu-ray player',NULL,NULL,NULL,NULL),(177,3,'DVD player','','DVD player','DVD player','dvd player',NULL,NULL,NULL,NULL),(178,3,'Glazbene linije','','Glazbene linije','Glazbene linije','glazbene linije',NULL,NULL,NULL,NULL),(179,3,'Kućno kino','','Kućno kino','Kućno kino','kućno kino',NULL,NULL,NULL,NULL),(268,3,'Radio uređaji','','Radio uređaji','','Radio uređaji',NULL,NULL,NULL,NULL),(181,3,'Zvučnici','','Zvučnici','Zvučnici','zvučnici',NULL,NULL,NULL,NULL),(182,3,'Fotoparati','','Fotoparati','Fotoparati','fotoparati',NULL,NULL,NULL,NULL),(183,3,'Digitalni okviri za slike','','Digitalni okviri za slike','Digitalni okviri za slike','digitalni okviri za slike',NULL,NULL,NULL,NULL),(184,3,'Kamere','','Kamere','Kamere','kamere',NULL,NULL,NULL,NULL),(185,3,'Mobiteli GSM','','Mobiteli GSM','Mobiteli GSM','mobiteli gsm',NULL,NULL,NULL,NULL),(186,3,'Telefonija / Mobiteli','','Telefonija / Mobiteli','Telefonija / Mobiteli','telefonija / mobiteli',NULL,NULL,NULL,NULL),(261,3,'Budilice','','Budilice','','Budilice',NULL,NULL,NULL,NULL),(188,3,'Igraće konzole','','Igraće konzole','Igraće konzole','igraće konzole',NULL,NULL,NULL,NULL),(189,3,'Oprema za konzole','','Oprema za konzole','Oprema za konzole','oprema za konzole',NULL,NULL,NULL,NULL),(190,3,'Klima uređaji','','Klima uređaji','Klima uređaji','klima uređaji',NULL,NULL,NULL,NULL),(191,3,'Peći na pelete','','Peći na pelete','Peći na pelete','peći na pelete',NULL,NULL,NULL,NULL),(192,3,'Kaloriferi','','Kaloriferi','Kaloriferi','kaloriferi',NULL,NULL,NULL,NULL),(193,3,'Peći na kruta goriva','','Peći na kruta goriva','Peći na kruta goriva','peći na kruta goriva',NULL,NULL,NULL,NULL),(194,3,'Aparati za mljevenje mesa','','Aparati za mljevenje mesa','Aparati za mljevenje mesa','aparati za mljevenje mesa',NULL,NULL,NULL,NULL),(195,3,'Multipraktik','','Multipraktik','Multipraktik','multipraktik',NULL,NULL,NULL,NULL),(196,3,'Satelitski i DVB-T prijamnici','','Satelitski i DVB-T prijamnici','Satelitski i DVB-T prijamnici','DVB-T, MPEG-2/MPEG-4, HD MPEG4, VIVAX DVB-T, ARION HD PRIJAMNIK, NYTRO-BOX',NULL,NULL,NULL,NULL),(197,3,'Projektori','','Projektori','Projektori','LG, LG electronics, LG LED TV, LG LCD TV, LG PLAZMA, LG audio video tehnika, LG kućno kino, LG bluray player, bluray, bluray player, LG bijela tehnika, LG klima uređaji, LG klima inverter, Philips Croatia,Philips Hrvatska, Philips, Philips LED TV, Phili',NULL,NULL,NULL,NULL),(198,3,'Štednjaci - kruta goriva','','Štednjaci - kruta goriva','Štednjaci - kruta goriva','peć na kruta goriva, štednjak na drva, plamen požega, nordica, vesta plamen, laguna, maestral, dora 8, dora 8g, nera 8, nera 8g, nera 10, marina- centralno grijanje, alles, konikom, robot, brodomerkur, maja 12, kamini barun, kamini plamen',NULL,NULL,NULL,NULL),(199,3,'Akcija','','Akcija','Akcijska prodaja artikala po najpovoljnijim cijenama u hrvatskoj','akcija',NULL,NULL,NULL,NULL),(200,3,'Sudoperi i slavine','','Sudoperi i slavine','Sudoperi i slavine','sudoperi i slavine','','','',''),(201,3,'Sudoperi inox','','Sudoperi inox','Sudoperi inox','sudoperi inox',NULL,NULL,NULL,NULL),(202,3,'Sudoperi u boji','','Sudoperi u boji','Sudoperi u boji','sudoperi u boji',NULL,NULL,NULL,NULL),(203,3,'Slavine inox','','Slavine inox','Slavine inox','slavine inox',NULL,NULL,NULL,NULL),(204,3,'Slavine KROM','','Slavine KROM','Slavine KROM','slavine krom',NULL,NULL,NULL,NULL),(205,3,'Slavine u boji','','Slavine u boji','Slavine u boji','slavine u boji',NULL,NULL,NULL,NULL),(206,3,'Istaknuto','Istaknuti proizvodi','Istaknuto','Istaknuto - Istaknuti proizvodi','istaknuto',NULL,NULL,NULL,NULL),(207,3,'Nastavci i dodaci za MKA','','Nastavci i dodaci za MKA','Nastavci i dodaci za MKA','nastavci i dodaci za mka',NULL,NULL,NULL,NULL),(208,3,'PHILIPS TV','','PHILIPS TV','PHILIPS TV','philips tv',NULL,NULL,NULL,NULL),(209,3,'Dodatni pribor za kuhinjske aparate','','Dodatni pribor za kuhinjske aparate','Dodatni pribor za kuhinjske aparate','dodatni pribor za kuhinjske aparate',NULL,NULL,NULL,NULL),(210,3,'Kamini','','Kamini','Kamini','kamini',NULL,NULL,NULL,NULL),(211,3,'Dodatni pribor za TV','','Dodatni pribor za TV','Dodatni pribor za TV','dodatni pribor za tv',NULL,NULL,NULL,NULL),(212,3,'Peći za centralno grijanje','','Peći za centralno grijanje','Peći za centralno grijanje','peći za centralno grijanje',NULL,NULL,NULL,NULL),(213,3,'Tablet','','Tablet','Tablet','tablet',NULL,NULL,NULL,NULL),(214,3,'Termoakomulacijske peći','','Termoakomulacijske peći','Termoakomulacijske peći','termoakomulacijske peći',NULL,NULL,NULL,NULL),(215,3,'Slavina profesionalna','Slavina profesionalna<br />\r\nGASTROTOP','Slavina profesionalna','Slavina profesionalna - Slavina profesionalna<br />\r\nGASTROTOP','slavina profesionalna',NULL,NULL,NULL,NULL),(216,3,'Wireless punjači','','Wireless punjači','Wireless punjači','wireless punjači',NULL,NULL,NULL,NULL),(218,3,'Ledenice ugradbene','','Ledenice ugradbene','Ledenice ugradbene','Ledenice ugradbene',NULL,NULL,NULL,NULL),(232,3,'Ostali kućanski aparati','','Ostali kućanski aparati','','Ostali kućanski aparati',NULL,NULL,NULL,NULL),(231,3,'Pribor za usisivače','','Pribor za usisivače','','Pribor za usisivače',NULL,NULL,NULL,NULL),(234,3,'Mesoreznice','','Mesoreznice','','Mesoreznice',NULL,NULL,NULL,NULL),(262,3,'Slušalice','','Slušalice','','Slušalice',NULL,NULL,NULL,NULL),(266,3,'Čistači ekrana','','Čistači ekrana','','Čistači ekrana',NULL,NULL,NULL,NULL),(253,3,'Usisivači','','Usisivači','','Usisivači',NULL,NULL,NULL,NULL),(254,3,'Prijenosni hladnjaci','','Prijenosni hladnjaci','','Prijenosni hladnjaci',NULL,NULL,NULL,NULL),(267,3,'Kablovi','','Kablovi','','Kablovi',NULL,NULL,NULL,NULL),(256,3,'Električni grill','','Električni grill','','Električni grill',NULL,NULL,NULL,NULL),(257,3,'Tosteri','','Tosteri','','Tosteri',NULL,NULL,NULL,NULL),(263,3,'FM transmiteri','','FM transmiteri','','FM transmiteri',NULL,NULL,NULL,NULL),(264,3,'Oprema za mobitele','','Oprema za mobitele','','Oprema za mobitele',NULL,NULL,NULL,NULL),(265,3,'Adapteri','','Adapteri','','Adapteri',NULL,NULL,NULL,NULL),(269,3,'Nosači za televizore','','Nosači za televizore','','Nosači za televizore',NULL,NULL,NULL,NULL),(260,3,'Antene','','Antene','','Antene',NULL,NULL,NULL,NULL),(270,3,'Punjači','','Punjači','','Punjači',NULL,NULL,NULL,NULL),(271,3,'Miševi za računala','','Miševi za računala','','Miševi za računala',NULL,NULL,NULL,NULL),(272,3,'Strugalice / lopatice','','Strugalice / lopatice','','Strugalice / lopatice',NULL,NULL,NULL,NULL),(273,3,'Kuhala za vodu','','Kuhala za vodu','','Kuhala za vodu',NULL,NULL,NULL,NULL),(274,3,'Električna kuhala','','Električna kuhala','','Električna kuhala',NULL,NULL,NULL,NULL),(275,3,'Sjeckalice','','Sjeckalice','','Sjeckalice',NULL,NULL,NULL,NULL),(276,3,'DVD Playeri / kućna kina / sound bar','','DVD Playeri / kućna kina / sound bar','','DVD Playeri / kućna kina / sound bar',NULL,NULL,NULL,NULL),(277,3,'Visokotlačni čistači','','Visokotlačni čistači','','Visokotlačni čistači',NULL,NULL,NULL,NULL),(278,3,'Aparati za brijanje','','Aparati za brijanje','','Aparati za brijanje',NULL,NULL,NULL,NULL),(279,3,'Masažeri','','Masažeri','','Masažeri',NULL,NULL,NULL,NULL),(280,3,'Mini / Micro linije','','Mini / Micro linije','','Mini / Micro linije',NULL,NULL,NULL,NULL),(281,3,'Detektori dima, plina, monoksida','','Detektori dima, plina, monoksida','','Detektori dima, plina, monoksida',NULL,NULL,NULL,NULL),(282,3,'Električni alati','','Električni alati','','Električni alati',NULL,NULL,NULL,NULL),(283,3,'Ručni alati','','Ručni alati','','Ručni alati',NULL,NULL,NULL,NULL),(284,3,'Filteri za vodu','','Filteri za vodu','','Filteri za vodu',NULL,NULL,NULL,NULL),(285,3,'Ugradbene pećnice','','Ugradbene pećnice','','Ugradbene pećnice',NULL,NULL,NULL,NULL),(286,3,'Ugradbene ploče','','Ugradbene ploče','','Ugradbene ploče',NULL,NULL,NULL,NULL),(287,3,'Kuhinjske nape','','Kuhinjske nape','','Kuhinjske nape',NULL,NULL,NULL,NULL),(288,3,'Ugradbene perilice posuđa','','Ugradbene perilice posuđa','','Ugradbene perilice posuđa',NULL,NULL,NULL,NULL),(289,3,'Ugradbeni hladnjaci','','Ugradbeni hladnjaci','','Ugradbeni hladnjaci',NULL,NULL,NULL,NULL),(290,3,'Ugradbene mikrovalne pećnice','','Ugradbene mikrovalne pećnice','','Ugradbene mikrovalne pećnice',NULL,NULL,NULL,NULL),(291,3,'Sušila za kosu','','Sušila za kosu','','Sušila za kosu',NULL,NULL,NULL,NULL),(292,3,'Sve za kolače','','Sve za kolače','','Sve za kolače',NULL,NULL,NULL,NULL),(293,3,'Aparati za osobnu njegu','','Aparati za osobnu njegu','','Aparati za osobnu njegu',NULL,NULL,NULL,NULL),(294,3,'Baterijske svjetiljke','','Baterijske svjetiljke','','Baterijske svjetiljke',NULL,NULL,NULL,NULL),(295,3,'Ovlaživaći / odvlaživaći zraka','','Ovlaživaći / odvlaživaći zraka','','Ovlaživaći / odvlaživaći zraka',NULL,NULL,NULL,NULL),(296,3,'Kalkulatori','','Kalkulatori','','Kalkulatori',NULL,NULL,NULL,NULL),(297,3,'Pohrana i serviranje hrane','','Pohrana i serviranje hrane','','Pohrana i serviranje hrane',NULL,NULL,NULL,NULL),(298,3,'Čaše i pribor za piće','','Čaše i pribor za piće','','Čaše i pribor za piće',NULL,NULL,NULL,NULL),(299,3,'Posuđe i pribor za jelo','','Posuđe i pribor za jelo','','Posuđe i pribor za jelo',NULL,NULL,NULL,NULL),(300,3,'Kuhanje','','Kuhanje','','Kuhanje',NULL,NULL,NULL,NULL),(301,3,'Tefal &amp; Rowenta MKA','','Tefal &amp; Rowenta MKA','','Tefal &amp; Rowenta MKA',NULL,NULL,NULL,NULL),(302,3,'Štednjaci','','Štednjaci','','Štednjaci',NULL,NULL,NULL,NULL),(303,3,'Prednarudžbe','','Prednarudžbe','','Prednarudžbe',NULL,NULL,NULL,NULL),(304,3,'Daske za glačanje','','Daske za glačanje','','Daske za glačanje',NULL,NULL,NULL,NULL),(305,3,'Čišćenje doma','','Čišćenje doma','','Čišćenje doma',NULL,NULL,NULL,NULL),(306,3,'Jamstva / osiguranje uređaja','','Jamstva / osiguranje uređaja','','Jamstva / osiguranje uređaja',NULL,NULL,NULL,NULL),(307,3,'Šišači','','Šišači','','Šišači',NULL,NULL,NULL,NULL),(308,3,'Akcijske kamere','','Akcijske kamere','','Akcijske kamere',NULL,NULL,NULL,NULL),(309,3,'Mini pećnice','','Mini pećnice','','Mini pećnice',NULL,NULL,NULL,NULL),(310,3,'Kutije &amp; spremnici za kruh','','Kutije &amp; spremnici za kruh','','Kutije &amp; spremnici za kruh',NULL,NULL,NULL,NULL),(311,3,'Škare','','Škare','','Škare',NULL,NULL,NULL,NULL),(312,3,'Kućanstvo','','Kućanstvo','','Kućanstvo',NULL,NULL,NULL,NULL),(313,3,'Noževi','','Noževi','','Noževi',NULL,NULL,NULL,NULL),(314,3,'Pumpe','','Pumpe','','Pumpe',NULL,NULL,NULL,NULL),(315,3,'Parne postaje','','Parne postaje','','Parne postaje',NULL,NULL,NULL,NULL),(316,3,'Grijalice','','Grijalice','','Grijalice',NULL,NULL,NULL,NULL),(317,3,'Gaming stolice','','Gaming stolice','','Gaming stolice',NULL,NULL,NULL,NULL),(318,3,'Električne deke','','Električne deke','','Električne deke',NULL,NULL,NULL,NULL),(319,3,'Daljinski upravljači','','Daljinski upravljači','','Daljinski upravljači',NULL,NULL,NULL,NULL),(320,3,'Ostalo','','Ostalo','','Ostalo',NULL,NULL,NULL,NULL),(321,3,'Digitalni foto okviri','','Digitalni foto okviri','','Digitalni foto okviri',NULL,NULL,NULL,NULL),(322,3,'Video nadzor','','Video nadzor','','Video nadzor',NULL,NULL,NULL,NULL),(323,3,'Digitalni prijemnici','','Digitalni prijemnici','','Digitalni prijemnici',NULL,NULL,NULL,NULL),(324,3,'Korkmaz posuđe','','Korkmaz posuđe','','Korkmaz posuđe',NULL,NULL,NULL,NULL),(325,3,'Karaoke','','Karaoke','','Karaoke',NULL,NULL,NULL,NULL),(326,3,'Zamrzivači','','Zamrzivači','','Zamrzivači',NULL,NULL,NULL,NULL),(327,3,'Ventilatori','','Ventilatori','','Ventilatori',NULL,NULL,NULL,NULL),(328,3,'Prijenosni klima uređaji','','Prijenosni klima uređaji','','Prijenosni klima uređaji',NULL,NULL,NULL,NULL),(329,3,'Električni bojleri','','Električni bojleri','','Električni bojleri',NULL,NULL,NULL,NULL),(330,3,'Remington aparati za osobnu njegu','','Remington aparati za osobnu njegu','','Remington aparati za osobnu njegu',NULL,NULL,NULL,NULL),(331,3,'Rowenta aparati za osobnu njegu','','Rowenta aparati za osobnu njegu','','Rowenta aparati za osobnu njegu',NULL,NULL,NULL,NULL),(332,3,'PHILIPS MKA','','PHILIPS MKA','','PHILIPS MKA',NULL,NULL,NULL,NULL),(333,3,'Vrt / uređenje okućnice','','Vrt / uređenje okućnice','','Vrt / uređenje okućnice',NULL,NULL,NULL,NULL),(334,3,'Perilice - sušilice rublja','','Perilice - sušilice rublja','','Perilice - sušilice rublja',NULL,NULL,NULL,NULL),(335,3,'Alati / svjetiljke / izolir trake','','Alati / svjetiljke / izolir trake','','Alati / svjetiljke / izolir trake',NULL,NULL,NULL,NULL),(336,3,'Tipkovnice','','Tipkovnice','','Tipkovnice',NULL,NULL,NULL,NULL),(337,3,'Stretch i građevinske folije / ljepljive trake','','Stretch i građevinske folije / ljepljive trake','','Stretch i građevinske folije / ljepljive trake',NULL,NULL,NULL,NULL),(217,3,'QLED TV do 65','','QLED TV do 65','QLED TV do 65&quot;','Qled tv do 65&quot;',NULL,NULL,NULL,NULL),(172,3,'QLED TV do 60','','QLED TV do 60','QLED TV do 60&quot;','Qled tv do 60&quot;',NULL,NULL,NULL,NULL),(171,3,'QLED TV do 50','','QLED TV do 52','QLED TV do 52&quot;','Qled tv do 52&quot;',NULL,NULL,NULL,NULL),(170,3,'QLED TV do 43','','QLED TV do 43','QLED TV do 43&quot;','Qled tv do 43&quot;',NULL,NULL,NULL,NULL),(169,3,'QLED TV do 32','','QLED TV do 32','QLED TV do 32&quot;','LG, LG electronics, LG LED TV, LG LCD TV, LG PLAZMA, LG audio video tehnika, LG kućno kino, LG bluray player, bluray, bluray player, LG bijela tehnika, LG klima uređaji, LG klima inverter, Philips Croatia,Philips Hrvatska, Philips, Philips LED TV, Phili',NULL,NULL,NULL,NULL),(338,3,'QLED TV do 75','','QLED TV do 75','QLED TV do 75&quot;','QLED TV do 75&quot;',NULL,NULL,NULL,NULL);
/*!40000 ALTER TABLE `oc_category_description` ENABLE KEYS */;
UNLOCK TABLES;

--
-- Table structure for table `oc_category_description_seo`
--

DROP TABLE IF EXISTS `oc_category_description_seo`;
/*!40101 SET @saved_cs_client     = @@character_set_client */;
/*!50503 SET character_set_client = utf8mb4 */;
CREATE TABLE `oc_category_description_seo` (
  `category_id` int NOT NULL,
  `language_id` int NOT NULL,
  `custom_imgtitle` varchar(255) DEFAULT '',
  `custom_alt` varchar(255) DEFAULT '',
  `custom_h1` varchar(255) DEFAULT '',
  `custom_h2` varchar(255) DEFAULT '',
  PRIMARY KEY (`category_id`,`language_id`)
) ENGINE=MyISAM DEFAULT CHARSET=utf8mb3;
/*!40101 SET character_set_client = @saved_cs_client */;

--
-- Dumping data for table `oc_category_description_seo`
--

LOCK TABLES `oc_category_description_seo` WRITE;
/*!40000 ALTER TABLE `oc_category_description_seo` DISABLE KEYS */;
INSERT INTO `oc_category_description_seo` VALUES (638,3,'','','',''),(638,1,'','','','');
/*!40000 ALTER TABLE `oc_category_description_seo` ENABLE KEYS */;
UNLOCK TABLES;

--
-- Table structure for table `oc_category_filter`
--

DROP TABLE IF EXISTS `oc_category_filter`;
/*!40101 SET @saved_cs_client     = @@character_set_client */;
/*!50503 SET character_set_client = utf8mb4 */;
CREATE TABLE `oc_category_filter` (
  `category_id` int NOT NULL,
  `filter_id` int NOT NULL,
  PRIMARY KEY (`category_id`,`filter_id`)
) ENGINE=MyISAM DEFAULT CHARSET=utf8mb3;
/*!40101 SET character_set_client = @saved_cs_client */;

--
-- Dumping data for table `oc_category_filter`
--

LOCK TABLES `oc_category_filter` WRITE;
/*!40000 ALTER TABLE `oc_category_filter` DISABLE KEYS */;
/*!40000 ALTER TABLE `oc_category_filter` ENABLE KEYS */;
UNLOCK TABLES;

--
-- Table structure for table `oc_category_path`
--

DROP TABLE IF EXISTS `oc_category_path`;
/*!40101 SET @saved_cs_client     = @@character_set_client */;
/*!50503 SET character_set_client = utf8mb4 */;
CREATE TABLE `oc_category_path` (
  `category_id` int NOT NULL,
  `path_id` int NOT NULL,
  `level` int NOT NULL,
  PRIMARY KEY (`category_id`,`path_id`),
  KEY `idx_cp_path_level_category` (`path_id`,`level`,`category_id`)
) ENGINE=MyISAM DEFAULT CHARSET=utf8mb3;
/*!40101 SET character_set_client = @saved_cs_client */;

--
-- Dumping data for table `oc_category_path`
--

LOCK TABLES `oc_category_path` WRITE;
/*!40000 ALTER TABLE `oc_category_path` DISABLE KEYS */;
INSERT INTO `oc_category_path` VALUES (75,75,0),(96,75,0),(97,75,0),(98,75,0),(99,75,0),(100,75,0),(101,75,0),(102,75,0),(103,75,0),(104,75,0),(105,75,0),(106,75,0),(107,75,0),(108,75,0),(109,75,0),(110,75,0),(111,75,0),(112,75,0),(113,75,0),(196,75,0),(76,76,0),(77,77,0),(78,78,0),(79,79,0),(80,79,0),(83,79,0),(85,79,0),(86,79,0),(87,79,0),(88,79,0),(167,79,0),(168,79,0),(169,79,0),(170,79,0),(171,79,0),(172,79,0),(197,79,0),(211,79,0),(213,79,0),(216,79,0),(217,79,0),(260,79,0),(269,79,0),(338,79,0),(80,80,1),(83,80,1),(85,80,1),(86,80,1),(87,80,1),(88,80,1),(197,80,1),(213,80,1),(216,80,1),(81,81,0),(82,81,0),(84,81,0),(89,81,0),(90,81,0),(91,81,0),(173,81,0),(174,81,0),(175,81,0),(176,81,0),(177,81,0),(178,81,0),(179,81,0),(181,81,0),(182,81,0),(183,81,0),(184,81,0),(185,81,0),(186,81,0),(188,81,0),(189,81,0),(262,81,0),(82,82,1),(182,82,1),(183,82,1),(184,82,1),(83,83,2),(84,84,1),(185,84,1),(186,84,1),(85,85,2),(86,86,2),(87,87,2),(88,88,2),(89,89,1),(173,89,1),(174,89,1),(175,89,1),(176,89,1),(177,89,1),(178,89,1),(179,89,1),(181,89,1),(90,90,1),(188,90,1),(189,90,1),(91,91,1),(92,92,0),(190,92,0),(191,92,0),(192,92,0),(193,92,0),(198,92,0),(210,92,0),(212,92,0),(214,92,0),(93,93,0),(114,93,0),(115,93,0),(116,93,0),(117,93,0),(118,93,0),(119,93,0),(120,93,0),(121,93,0),(122,93,0),(123,93,0),(124,93,0),(125,93,0),(126,93,0),(127,93,0),(128,93,0),(129,93,0),(130,93,0),(131,93,0),(132,93,0),(133,93,0),(134,93,0),(135,93,0),(136,93,0),(137,93,0),(209,93,0),(218,93,0),(254,93,0),(94,94,0),(138,94,0),(139,94,0),(140,94,0),(141,94,0),(142,94,0),(143,94,0),(144,94,0),(145,94,0),(146,94,0),(147,94,0),(148,94,0),(149,94,0),(150,94,0),(151,94,0),(152,94,0),(153,94,0),(154,94,0),(194,94,0),(195,94,0),(207,94,0),(231,94,0),(232,94,0),(234,94,0),(253,94,0),(256,94,0),(257,94,0),(261,94,0),(294,94,0),(95,95,0),(155,95,0),(156,95,0),(157,95,0),(158,95,0),(159,95,0),(160,95,0),(161,95,0),(162,95,0),(163,95,0),(164,95,0),(165,95,0),(166,95,0),(278,95,0),(293,95,0),(96,96,1),(98,96,1),(99,96,1),(100,96,1),(101,96,1),(102,96,1),(103,96,1),(104,96,1),(105,96,1),(106,96,1),(107,96,1),(108,96,1),(97,97,1),(109,97,1),(110,97,1),(111,97,1),(112,97,1),(113,97,1),(98,98,2),(99,99,2),(100,100,2),(101,101,2),(102,102,2),(103,103,2),(104,104,2),(105,105,2),(106,106,2),(107,107,2),(108,108,2),(109,109,2),(110,110,2),(111,111,2),(112,112,2),(113,113,2),(114,114,1),(115,115,1),(116,116,1),(117,117,1),(118,118,1),(119,119,1),(120,120,1),(121,121,1),(122,122,1),(123,123,1),(124,124,1),(125,125,1),(126,126,1),(127,127,1),(128,128,1),(129,129,1),(130,130,1),(131,131,1),(132,132,1),(133,133,1),(134,134,1),(135,135,1),(136,136,1),(137,137,1),(138,138,1),(139,139,1),(140,140,1),(141,141,1),(142,142,1),(143,143,1),(144,144,1),(145,145,1),(146,146,1),(147,147,1),(148,148,1),(149,149,1),(150,150,1),(151,151,1),(152,152,1),(153,153,1),(154,154,1),(231,154,1),(155,155,1),(156,156,1),(157,157,1),(158,158,1),(159,159,1),(160,160,1),(161,161,1),(162,162,1),(163,163,1),(164,164,1),(165,165,1),(166,166,1),(167,167,1),(168,168,1),(169,169,1),(170,170,1),(171,171,1),(172,172,1),(173,173,2),(174,174,2),(175,175,2),(176,176,2),(177,177,2),(178,178,2),(179,179,2),(181,181,2),(182,182,2),(183,183,2),(184,184,2),(185,185,2),(186,186,2),(188,188,2),(189,189,2),(190,190,1),(191,191,1),(192,192,1),(193,193,1),(194,194,1),(195,195,1),(196,196,1),(197,197,2),(198,198,1),(199,199,0),(200,200,0),(201,200,0),(202,200,0),(203,200,0),(204,200,0),(205,200,0),(215,200,0),(201,201,1),(202,202,1),(203,203,1),(204,204,1),(205,205,1),(206,206,0),(207,207,1),(208,208,0),(209,209,1),(210,210,1),(211,211,1),(212,212,1),(213,213,2),(214,214,1),(215,215,1),(216,216,2),(217,217,1),(218,218,1),(231,231,2),(232,232,1),(234,234,1),(253,253,1),(254,254,1),(256,256,1),(257,257,1),(260,260,1),(261,261,1),(262,262,1),(263,263,0),(264,264,0),(265,265,0),(266,266,0),(267,267,0),(268,268,0),(269,269,1),(270,270,0),(271,271,0),(272,272,0),(273,273,0),(274,274,0),(275,275,0),(276,276,0),(277,277,0),(278,278,1),(279,279,0),(280,280,0),(281,281,0),(282,282,0),(283,283,0),(284,284,0),(285,285,0),(286,286,0),(287,287,0),(288,288,0),(289,289,0),(290,290,0),(291,291,0),(292,292,0),(293,293,1),(294,294,1),(295,295,0),(296,296,0),(297,297,0),(298,298,0),(299,299,0),(300,300,0),(301,301,0),(302,302,0),(303,303,0),(304,304,0),(305,305,0),(306,306,0),(307,307,0),(308,308,0),(309,309,0),(310,310,0),(311,311,0),(312,312,0),(313,313,0),(314,314,0),(315,315,0),(316,316,0),(317,317,0),(318,318,0),(319,319,0),(320,320,0),(321,321,0),(322,322,0),(323,323,0),(324,324,0),(325,325,0),(326,326,0),(327,327,0),(328,328,0),(329,329,0),(330,330,0),(331,331,0),(332,332,0),(333,333,0),(334,334,0),(335,335,0),(336,336,0),(337,337,0),(338,338,1);
/*!40000 ALTER TABLE `oc_category_path` ENABLE KEYS */;
UNLOCK TABLES;

--
-- Table structure for table `oc_category_to_layout`
--

DROP TABLE IF EXISTS `oc_category_to_layout`;
/*!40101 SET @saved_cs_client     = @@character_set_client */;
/*!50503 SET character_set_client = utf8mb4 */;
CREATE TABLE `oc_category_to_layout` (
  `category_id` int NOT NULL,
  `store_id` int NOT NULL,
  `layout_id` int NOT NULL,
  PRIMARY KEY (`category_id`,`store_id`)
) ENGINE=MyISAM DEFAULT CHARSET=utf8mb3;
/*!40101 SET character_set_client = @saved_cs_client */;

--
-- Dumping data for table `oc_category_to_layout`
--

LOCK TABLES `oc_category_to_layout` WRITE;
/*!40000 ALTER TABLE `oc_category_to_layout` DISABLE KEYS */;
INSERT INTO `oc_category_to_layout` VALUES (199,0,0),(93,0,0),(94,0,0),(218,0,0),(154,0,0),(261,0,0),(231,0,0),(254,0,0),(257,0,0),(253,0,0),(260,0,0),(262,0,0),(232,0,0),(256,0,0),(234,0,0),(294,0,0),(278,0,0),(293,0,0),(269,0,0),(120,0,0),(217,0,0),(172,0,0),(171,0,0),(170,0,0),(169,0,0),(338,0,0),(81,0,0),(92,0,0),(95,0,0),(200,0,0);
/*!40000 ALTER TABLE `oc_category_to_layout` ENABLE KEYS */;
UNLOCK TABLES;

--
-- Table structure for table `oc_category_to_store`
--

DROP TABLE IF EXISTS `oc_category_to_store`;
/*!40101 SET @saved_cs_client     = @@character_set_client */;
/*!50503 SET character_set_client = utf8mb4 */;
CREATE TABLE `oc_category_to_store` (
  `category_id` int NOT NULL,
  `store_id` int NOT NULL,
  PRIMARY KEY (`category_id`,`store_id`),
  KEY `idx_c2s_store_category` (`store_id`,`category_id`)
) ENGINE=MyISAM DEFAULT CHARSET=utf8mb3;
/*!40101 SET character_set_client = @saved_cs_client */;

--
-- Dumping data for table `oc_category_to_store`
--

LOCK TABLES `oc_category_to_store` WRITE;
/*!40000 ALTER TABLE `oc_category_to_store` DISABLE KEYS */;
INSERT INTO `oc_category_to_store` VALUES (75,0),(76,0),(77,0),(78,0),(79,0),(80,0),(81,0),(82,0),(83,0),(84,0),(85,0),(86,0),(87,0),(88,0),(89,0),(90,0),(91,0),(92,0),(93,0),(94,0),(95,0),(96,0),(97,0),(98,0),(99,0),(100,0),(101,0),(102,0),(103,0),(104,0),(105,0),(106,0),(107,0),(108,0),(109,0),(110,0),(111,0),(112,0),(113,0),(114,0),(115,0),(116,0),(117,0),(118,0),(119,0),(120,0),(121,0),(122,0),(123,0),(124,0),(125,0),(126,0),(127,0),(128,0),(129,0),(130,0),(131,0),(132,0),(133,0),(134,0),(135,0),(136,0),(137,0),(138,0),(139,0),(140,0),(141,0),(142,0),(143,0),(144,0),(145,0),(146,0),(147,0),(148,0),(149,0),(150,0),(151,0),(152,0),(153,0),(154,0),(155,0),(156,0),(157,0),(158,0),(159,0),(160,0),(161,0),(162,0),(163,0),(164,0),(165,0),(166,0),(167,0),(168,0),(169,0),(170,0),(171,0),(172,0),(173,0),(174,0),(175,0),(176,0),(177,0),(178,0),(179,0),(181,0),(182,0),(183,0),(184,0),(185,0),(186,0),(188,0),(189,0),(190,0),(191,0),(192,0),(193,0),(194,0),(195,0),(196,0),(197,0),(198,0),(199,0),(200,0),(201,0),(202,0),(203,0),(204,0),(205,0),(206,0),(207,0),(208,0),(209,0),(210,0),(211,0),(212,0),(213,0),(214,0),(215,0),(216,0),(217,0),(218,0),(231,0),(232,0),(234,0),(253,0),(254,0),(256,0),(257,0),(260,0),(261,0),(262,0),(263,0),(264,0),(265,0),(266,0),(267,0),(268,0),(269,0),(270,0),(271,0),(272,0),(273,0),(274,0),(275,0),(276,0),(277,0),(278,0),(279,0),(280,0),(281,0),(282,0),(283,0),(284,0),(285,0),(286,0),(287,0),(288,0),(289,0),(290,0),(291,0),(292,0),(293,0),(294,0),(295,0),(296,0),(297,0),(298,0),(299,0),(300,0),(301,0),(302,0),(303,0),(304,0),(305,0),(306,0),(307,0),(308,0),(309,0),(310,0),(311,0),(312,0),(313,0),(314,0),(315,0),(316,0),(317,0),(318,0),(319,0),(320,0),(321,0),(322,0),(323,0),(324,0),(325,0),(326,0),(327,0),(328,0),(329,0),(330,0),(331,0),(332,0),(333,0),(334,0),(335,0),(336,0),(337,0),(338,0);
/*!40000 ALTER TABLE `oc_category_to_store` ENABLE KEYS */;
UNLOCK TABLES;
/*!40103 SET TIME_ZONE=@OLD_TIME_ZONE */;

/*!40101 SET SQL_MODE=@OLD_SQL_MODE */;
/*!40014 SET FOREIGN_KEY_CHECKS=@OLD_FOREIGN_KEY_CHECKS */;
/*!40014 SET UNIQUE_CHECKS=@OLD_UNIQUE_CHECKS */;
/*!40101 SET CHARACTER_SET_CLIENT=@OLD_CHARACTER_SET_CLIENT */;
/*!40101 SET CHARACTER_SET_RESULTS=@OLD_CHARACTER_SET_RESULTS */;
/*!40101 SET COLLATION_CONNECTION=@OLD_COLLATION_CONNECTION */;
/*!40111 SET SQL_NOTES=@OLD_SQL_NOTES */;

-- Dump completed on 2026-06-25  8:44:47
